author,comment_number,it_url,title,update,view_number
,评论,,,最后更新,阅读
//i.eastmoney.com/8756335904994706,2,"/news,600601,1287449239.html",预计距离申请摘帽只剩29个交易日！坚定持有！,03-17 18:45,199
//i.eastmoney.com/8888316143218672,102,"/news,600601,1280031821.html",！！！！！！回归通知，所有人，，，，,03-17 18:44,4701
//i.eastmoney.com/8616045110741106,2,"/news,600601,1287435797.html",满仓干吧,03-17 18:43,103
//i.eastmoney.com/6664045343847958,3,"/news,600601,1287490982.html",看一看，这里不是资产上千万的就是成功率百分百的T神，再这么下去，小母牛都要飞到外,03-17 18:43,71
//i.eastmoney.com/5994216091240184,2,"/news,600601,1287478395.html",十大股东才占20%流通股，短期内拉不上去的，再说还有清偿债务的股份在那压着,03-17 18:31,115
//i.eastmoney.com/2840094265014676,11,"/news,600601,1286938491.html",今天又让大家丢西瓜了，本牛捡了点芝麻.....远远不够西瓜的损失......,03-17 17:53,431
//i.eastmoney.com/2840094265014676,20,"/news,600601,1287409642.html",2.45元7397手，这应该是秋生干的,03-17 17:49,307
//i.eastmoney.com/7573386082669362,21,"/news,600601,1286518866.html",炒股得小心点，庄家在你账户上安装了摄像头，你一卖他就涨，你一买他就跌！他一跌你就,03-17 16:51,620
//i.eastmoney.com/1320094250086056,4,//caifuhao.eastmoney.com/news/20230315101540870793610?from=guba&name=KlNU5pa556eR5ZCn&gubaurl=aHR0cDovL2d1YmEuZWFzdG1vbmV5LmNvbS9saXN0LDYwMDYwMS5odG1s,奇葩重整成功了也不跟板块，华发就是缺跌的货,03-17 16:25,570
//i.eastmoney.com/1307316355019152,7,"/news,600601,1286561031.html",据悉，在2022年全球PCB市场大幅下滑的情况下，方正高密仍保持较稳定的销售收入,03-17 16:11,1161
//i.eastmoney.com/8756335904994706,3,"/news,600601,1286469321.html",预计距离申请摘帽只剩31个交易日！坚定持有！,03-17 15:44,456
//i.eastmoney.com/8735094310783252,6,"/news,600601,1287242810.html",上压下拖都是那几个做题的单子，没有新意！话说这股没有主力？,03-17 15:16,207
//i.eastmoney.com/9538095111427254,5,"/news,600601,1287158332.html",2.5出部分做T！,03-17 14:53,190
//i.eastmoney.com/4472406775478468,1,"/news,600601,1287414051.html",今天t了3分，两千块钱到手,03-17 14:50,122
//i.eastmoney.com/7540094291845940,3,"/news,600601,1287386552.html",重整成功3个月了阴了四个月曾钱不是钱,03-17 14:50,144
//i.eastmoney.com/3816326057874452,6,"/news,600601,1287015264.html",明天大佬怎么看现在？有何高见？@ST明天 ,03-17 14:31,646
//i.eastmoney.com/7540094291845940,1,"/news,600601,1287183420.html",这渣科就从没有正经过一回，一直在糊弄散户。,03-17 14:28,141
//i.eastmoney.com/7540094291845940,1,"/news,600601,1287319199.html",豆比玩意方科，大盘暴涨，这货才涨2分,03-17 14:28,121
//i.eastmoney.com/8836094291567144,2,"/news,600601,1287309750.html",退市在即,03-17 14:27,127
//i.eastmoney.com/2585055459654070,0,"/news,600601,1287402503.html",方正伪科技在A股一直保持倒数第二，很稳定，今天倒数第一的拉稀了没交易所以方正排第,03-17 14:26,101
//i.eastmoney.com/8071555177962252,8,"/news,600601,1287345445.html",庄又用2737压盘了,03-17 14:25,167
//i.eastmoney.com/2585055459654070,4,"/news,600601,1287261778.html",方正伪科技死6是过不去了,03-17 13:26,256
//i.eastmoney.com/1307316355019152,17,"/news,600601,1283657903.html",大盘还得回打3273企稳才有戏。,03-17 12:15,532
//i.eastmoney.com/4408094366785014,1,"/news,600601,1286975068.html",没时间，还没有加仓，明天看情况吧,03-17 11:35,193
//i.eastmoney.com/3841014876623114,3,"/news,600601,1287157432.html",不把各位磨蹭掉几层皮，誓不罢休！割肉的又要拍大腿了。,03-17 10:36,253
//i.eastmoney.com/3841014876623114,12,"/news,600601,1286402674.html",同志们，朋友们，股友们三元以下您选择600601是为什么？重整结束而股价一路低迷,03-17 10:21,1096
//i.eastmoney.com/4983376298552060,4,"/news,600601,1287019867.html",国资委：更大力度布局前瞻性战略性新兴产业在集成电路、工业母机等领域加快补短板方子,03-17 09:23,697
//i.eastmoney.com/4472406775478468,17,"/news,600601,1286267354.html",兄弟们今天T了几分,03-17 09:18,439
//i.eastmoney.com/8756335904994706,7,"/news,600601,1286948466.html",预计距离申请摘帽只剩30个交易日！坚定持有！,03-17 08:51,440
//i.eastmoney.com/8860113395733984,74,//caifuhao.eastmoney.com/news/20221223100908334623600?from=guba&name=KlNU5pa556eR5ZCn&gubaurl=aHR0cDovL2d1YmEuZWFzdG1vbmV5LmNvbS9saXN0LDYwMDYwMS5odG1s,几只重整成功的ST股票！！！,03-17 07:01,9839
//i.eastmoney.com/3378114791970506,8,"/news,600601,1286948499.html",[大笑][大笑][大笑][大笑][大笑][大笑][大笑][大笑][大笑][大笑],03-16 20:58,357
//i.eastmoney.com/8735094310783252,1,"/news,600601,1286983317.html",国资委：更大力度布局前瞻性战略性新兴产业，在集成电路、工业母机等领域加快补短板。,03-16 20:33,491
//i.eastmoney.com/2902024842060646,3,"/news,600601,1286985600.html",实际控制人已变更，重组全部完成，公司在生产、销售、管理等方面采取哪些措施？没见一,03-16 19:39,623
//i.eastmoney.com/3378114791970506,5,"/news,600601,1286519530.html",一群小卡拉米，让你们跑你们不跑，现在怎么样爽了吧,03-16 19:39,354
//i.eastmoney.com/5402336305646034,1,"/news,600601,1286946595.html",叫sb方科算了,03-16 15:28,169
//i.eastmoney.com/9538095111427254,6,"/news,600601,1286829229.html",2.47出，2.45进！计划[呲牙],03-16 14:58,292
//i.eastmoney.com/5856355879989482,0,"/news,600601,1286916255.html",曾经多么牛掰的科技公司，回想当年青春为它奋斗过，如今真是物是人非啊！,03-16 14:47,208
//i.eastmoney.com/5330513681136390,66,//caifuhao.eastmoney.com/news/20221107184219692010400?from=guba&name=KlNU5pa556eR5ZCn&gubaurl=aHR0cDovL2d1YmEuZWFzdG1vbmV5LmNvbS9saXN0LDYwMDYwMS5odG1s,ST板块今年重整受理一览：,03-16 14:35,20348
//i.eastmoney.com/8071555177962252,5,"/news,600601,1286398920.html",2737手反复压盘反复撤单,03-16 14:23,423
//i.eastmoney.com/5655326462952250,3,"/news,600601,1286145651.html",大家有收到没样的短信吗？,03-16 13:57,594
//i.eastmoney.com/2840094265014676,10,"/news,600601,1286675561.html",做T的最好前一天就把卖单和买单先挂好，多挂几个档，卖单以收盘价为基准，卖一平挂，,03-16 13:56,425
//i.eastmoney.com/4472406775478468,2,"/news,600601,1286783236.html",玩习惯了也挺好的，就当存个定期，每天取点利息,03-16 13:55,259
//i.eastmoney.com/3378114791970506,3,"/news,600601,1286779449.html",下午跌停了，赶紧跑套住主力,03-16 13:31,212
//i.eastmoney.com/2028335770260446,2,"/news,600601,1286799118.html",？己到底了！,03-16 13:08,177
//i.eastmoney.com/7336513656927674,1,"/news,600601,1286806512.html",好久退市，这垃圾,03-16 12:55,173
//i.eastmoney.com/8235111699892786,0,"/news,600601,1286777621.html",最高2.47，压盘1.1万，最低2.45，托盘1.1万，织布机就是这么形成的,03-16 11:12,183
//i.eastmoney.com/8438094230131538,5,"/news,600601,1286222197.html",又是做t的好时候，2.48挂个550手,03-16 11:11,285
//i.eastmoney.com/3188565249793386,6,"/news,600601,1286347525.html",这盘压的也太嚣张了吧？卖盘8888、4444的数字太明显了！庄家这苟兰子脑袋里有,03-15 23:40,493
//i.eastmoney.com/6196336296853922,1,"/news,600601,1286566939.html",短期看空，应该要下降到2元左右，然后起稳回升。,03-15 22:06,288
//i.eastmoney.com/8735094310783252,0,"/news,600601,1286530815.html",不排除下探2.38的可能,03-15 19:08,252
//i.eastmoney.com/2585055459654070,1,"/news,600601,1286479511.html",自古垃圾出我辈、一入方科岁月催！,03-15 17:27,260
//i.eastmoney.com/9538095111427254,5,"/news,600601,1286316491.html",今天T了两分[呲牙]！大家顶住！买啊！！,03-15 16:20,302
//i.eastmoney.com/6723094390363442,0,"/news,600601,1286469196.html",自古以来都是媳妇熬成婆！不熬，怎么成婆？！,03-15 15:04,196
//i.eastmoney.com/2552093930050492,3,"/news,600601,1284980784.html",以国家支持半导体相关产业，支持华为的态度。作为华为供应商，不排除大基金入股的可能,03-15 14:44,1066
//i.eastmoney.com/2534205802954954,2,"/news,600601,1286338169.html",坑人的票，大家都卖了吧！,03-15 13:47,274
//i.eastmoney.com/3612356412888792,5,"/news,600601,1286376815.html",清场了，主力自己玩,03-15 13:46,286
//i.eastmoney.com/4408094366785014,6,"/news,600601,1285894937.html",上周2.59卖了大半，今天接回一点,03-15 11:24,398
//i.eastmoney.com/6254306099913854,0,"/news,600601,1286306209.html",3月1日控股股东增持股份，13日就提示退市风险，这是玩的什么鬼？,03-15 10:55,239
//i.eastmoney.com/7327355997342954,4,"/news,600601,1285641510.html",太猖狂了，当着我的面打暗语，有本事打到2块以下。我全部吃光,03-15 10:50,396
//i.eastmoney.com/8438094230131538,5,"/news,600601,1286253955.html",谁2.47元1883手卖了，2.46挂单接[赞][赞][赞],03-15 10:49,282
//i.eastmoney.com/7347064611654316,5,"/news,600601,1286170022.html",这破票进一次割一次，风险太大了，不和他玩了,03-15 10:15,340
"/list,600601.html",13,"/news,600601,1285597281.html",*ST方科:方正科技集团股份有限公司股票可能被终止上市的第四次风险提示公告,03-15 10:04,5002
//i.eastmoney.com/3188565249793386,0,"/news,600601,1286214874.html",这货不但是伪科技股，而且还是假元器件类股票！,03-15 09:45,204
//i.eastmoney.com/8836094291567144,5,"/news,600601,1286058995.html",马上被终止上市了,03-15 09:05,505
//i.eastmoney.com/8864365592878620,7,"/news,600601,1284281258.html",感谢方科等我新股资金出来[奸笑][奸笑][奸笑]及时上车！真不错,03-15 08:44,487
//i.eastmoney.com/5387406703121128,0,"/news,600601,1286144413.html",主线还是科技和国企改革，不在主线想赚钱有点难,03-15 00:21,330
//i.eastmoney.com/6559355624076214,0,"/news,600601,1286129912.html",新主什么玩意儿？,03-14 22:29,193
//i.eastmoney.com/6723094390363442,0,"/news,600601,1286110824.html",不要听托瞎扯，大胆买入！,03-14 20:59,251
//i.eastmoney.com/8290094201203034,0,"/news,600601,1286109837.html",求求你快点退市，我在整理版等着你,03-14 20:55,172
//i.eastmoney.com/5326315953069660,2,"/news,600601,1286059906.html",方科会不会退市？,03-14 19:35,318
//i.eastmoney.com/5655326462952250,1,//caifuhao.eastmoney.com/news/20230314185819964618980?from=guba&name=KlNU5pa556eR5ZCn&gubaurl=aHR0cDovL2d1YmEuZWFzdG1vbmV5LmNvbS9saXN0LDYwMDYwMS5odG1s,【证券】您好，根据上市公司最新公告，您持有的*ST方科（600601）可能存在被,03-14 19:06,783
//i.eastmoney.com/7950486628229784,1,"/news,600601,1286052667.html",可以择机加仓了,03-14 16:42,231
//i.eastmoney.com/1795316433638966,1,"/news,600601,1286033840.html",连续几天的下跌，把漂亮的K形图走坏了，开始新的一波调整，慢慢熬吧。,03-14 15:28,368
//i.eastmoney.com/6873113750986648,3,"/news,600601,1286018231.html",方正科技要涨到2600你打开K线看看,03-14 15:08,270
//i.eastmoney.com/6873113750986648,3,"/news,600601,1285988927.html",方正科技要涨到2600,03-14 14:59,202
//i.eastmoney.com/1864305850539206,0,"/news,600601,1286010571.html",等着退市后到老三板破产清算吧，必须清算。,03-14 14:58,210
//i.eastmoney.com/6873113750986648,1,"/news,600601,1286013789.html",方正科技要涨到2600，你打开看一看,03-14 14:55,239
//i.eastmoney.com/9123094149940928,6,"/news,600601,1285937525.html",珠海渔村真的不行。要是美的重整肯定不是这个吊样儿。,03-14 14:37,331
//i.eastmoney.com/1320094250086056,2,"/news,600601,1285957515.html",退市公告发到什么时候是头,03-14 14:33,262
//i.eastmoney.com/6046025003394356,27,//caifuhao.eastmoney.com/news/20230206170730187732680?from=guba&name=KlNU5pa556eR5ZCn&gubaurl=aHR0cDovL2d1YmEuZWFzdG1vbmV5LmNvbS9saXN0LDYwMDYwMS5odG1s,关于方正科技是否摘帽,03-14 14:26,3426
,评论,,,最后更新,阅读
//i.eastmoney.com/7540094291845940,0,"/news,600601,1287401134.html",收盘绿收盘绿收盘绿，跳水跳水跳水,03-17 14:24,80
//i.eastmoney.com/7540094291845940,0,"/news,600601,1287186033.html",垃圾2373东西又出来了,03-17 10:09,119
//i.eastmoney.com/7540094291845940,0,"/news,600601,1286877415.html",某科的猪立们，请提起你们的腰杆做回人....,03-16 13:59,161
//i.eastmoney.com/2840094265014676,2,"/news,600601,1286468850.html",今天的诱耳，没起到作用，只T了2分，明天继续干2分，开盘挂卖单247、248、2,03-15 15:19,258
//i.eastmoney.com/7540094291845940,2,"/news,600601,1285972677.html",方科被珠海打着重整名义收割，就是一大忽悠。,03-15 15:08,378
//i.eastmoney.com/2840094265014676,10,"/news,600601,1285498497.html",无人T，主力为所欲为。今天T了3分，1000余元差价，当日期帐面却亏损七八万元，,03-15 15:02,666
//i.eastmoney.com/2840094265014676,4,"/news,600601,1286450989.html",又清仓了两只获利，继续埋到方科这个深坑里,03-15 15:01,317
//i.eastmoney.com/2840094265014676,2,"/news,600601,1286299764.html",在方科，必须承受它神经病式的上涨下跌，是考验智商，熬功，压力的韭菜池。,03-15 14:41,235
//i.eastmoney.com/2840094265014676,2,"/news,600601,1286186341.html",我准备今天发点诱耳，248卖，我一卖就要涨几分,03-15 09:47,211
//i.eastmoney.com/2585055459654070,0,"/news,600601,1286101072.html",方正伪科技发布退市公告倒计时,03-14 20:12,228
//i.eastmoney.com/8735094310783252,4,//caifuhao.eastmoney.com/news/20230303184139945123840?from=guba&name=KlNU5pa556eR5ZCn&gubaurl=aHR0cDovL2d1YmEuZWFzdG1vbmV5LmNvbS9saXN0LDYwMDYwMV8yLmh0bWw%3d,吧里很多股民，甚至包括不少ST老手，对于摘帽条件，思维可能还停留在的几年前的老摘,03-14 18:56,2263
//i.eastmoney.com/8756335904994706,1,"/news,600601,1286029612.html",预计距离申请摘帽只剩32个交易日！坚定持有！,03-14 16:35,278
//i.eastmoney.com/7540094291845940,1,"/news,600601,1286028328.html",乃乃的熊，重整后没有任何提振市值措施，一眼望去全是收割的措施,03-14 15:29,245
//i.eastmoney.com/2840094265014676,9,"/news,600601,1285736398.html",猪又开始玩花招了，T牛大法.....,03-14 15:19,413
//i.eastmoney.com/4472406775478468,6,"/news,600601,1285837948.html",天天T你，马德,03-14 15:01,304
//i.eastmoney.com/2585055459654070,0,"/news,600601,1286007867.html",美吟行接连破产，方正伪科技扛不住。,03-14 14:44,195
//i.eastmoney.com/6873113750986648,0,"/news,600601,1286000388.html",方正科技要涨到2600,03-14 14:36,166
//i.eastmoney.com/6046025003394356,4,"/news,600601,1280526363.html",今天织布无精打采,03-14 14:25,617
//i.eastmoney.com/2796015355544518,1,//caifuhao.eastmoney.com/news/20230314103748326814090?from=guba&name=KlNU5pa556eR5ZCn&gubaurl=aHR0cDovL2d1YmEuZWFzdG1vbmV5LmNvbS9saXN0LDYwMDYwMV8yLmh0bWw%3d,拿不住 想割肉  这老六,03-14 14:20,140
//i.eastmoney.com/9035025041858200,3,"/news,600601,1285204914.html",朋友方科一行，坚定信心！,03-14 14:03,884
//i.eastmoney.com/3848305734342622,0,"/news,600601,1285961912.html",都一个熊样,03-14 13:52,163
//i.eastmoney.com/9712094130929388,2,"/news,600601,1285199797.html",随便你怎么织布，涨到10元以上才卖[大笑][大笑],03-14 13:25,515
//i.eastmoney.com/8290094201203034,0,"/news,600601,1285905795.html",方珂，方珂让你自由发挥吧！我在整理板等你，八毛钱，我杀杀杀,03-14 12:01,223
//i.eastmoney.com/2840094265014676,31,"/news,600601,1268865808.html",炒股不就都是一个怕字吗，怕丢筹码，怕一卖就涨。都是自己在吓唬自己，自己把自己给整,03-14 11:31,1717
//i.eastmoney.com/6873113750986648,0,"/news,600601,1285859681.html",方正科技要涨到2600,03-14 10:59,209
//i.eastmoney.com/6873113750986648,2,"/news,600601,1285791087.html",快买呀，快买呀，要涨到2600，方正科技就是指标股,03-14 10:53,244
//i.eastmoney.com/8071555177962252,0,"/news,600601,1285850156.html",这两天加速下跌,03-14 10:51,186
//i.eastmoney.com/5402336305646034,3,"/news,600601,1285728592.html",[哭][哭][哭][哭][哭],03-14 10:47,359
//i.eastmoney.com/6873113750986648,1,"/news,600601,1285789211.html",快买啊，快买啊，要涨到2600,03-14 10:36,195
//i.eastmoney.com/6873113750986648,1,"/news,600601,1285803074.html",方正是指标股要涨到2600,03-14 10:36,206
//i.eastmoney.com/6873113750986648,0,"/news,600601,1285791851.html",方正科技就是指标股，快买呀快买呀，未来的龙头，都拿住，不要卖,03-14 10:11,216
//i.eastmoney.com/6873113750986648,0,"/news,600601,1285790067.html",快买呀，快买呀，要涨到2600,03-14 10:10,168
//i.eastmoney.com/6723094390363442,0,"/news,600601,1285776341.html",莲花香，识闻人！,03-14 10:01,210
"/list,600601.html",29,"/news,600601,1240789742.html",千亿国资入主！80后夫妻重仓超1亿股,03-14 08:57,18311
//i.eastmoney.com/1397094443909606,4,"/news,600601,1283984479.html",什么鬼，这是在秀肌肉吗？,03-14 07:12,831
//i.eastmoney.com/7697335681039166,3,"/news,600601,1285639492.html",人家一个月一次，渣渣科一个月三次，严重失调[大笑][大笑][大笑],03-13 22:50,369
//i.eastmoney.com/8756335904994706,3,"/news,600601,1285565703.html",预计距离申请摘帽只剩33个交易日！坚定持有！,03-13 22:45,376
//i.eastmoney.com/2574315528772854,1,"/news,600601,1285548869.html",买了这个股，真的要把人折磨疯，还会有春天吗,03-13 21:44,234
//i.eastmoney.com/2585055459654070,0,"/news,600601,1285647697.html",方正伪科技退了？退了就平级了。,03-13 21:20,346
//i.eastmoney.com/4680305640115880,0,"/news,600601,1285636612.html",幸好赚150跑了,03-13 20:32,161
//i.eastmoney.com/8438094230131538,1,"/news,600601,1285545774.html",赶快跑，太垃圾了,03-13 19:57,188
//i.eastmoney.com/8819346370463186,1,"/news,600601,1285566242.html",已彻底清仓[成交][成交],03-13 19:56,294
//i.eastmoney.com/6563375729426538,1,"/news,600601,1285560179.html",没希望了，方科太垃圾了,03-13 19:55,218
//i.eastmoney.com/6166013678892494,1,"/news,600601,1285590567.html",清仓了，受不了。,03-13 19:55,230
//i.eastmoney.com/4472406775478468,0,"/news,600601,1285591846.html",只能坚持了，出去了也是坑,03-13 17:04,313
//i.eastmoney.com/3204366081850840,0,"/news,600601,1285578859.html",买定离手，本身赌的就是有没有。赌中了吃肉，赌没了血本无归。所以说啊，愿赌服输。嘴,03-13 16:09,365
//i.eastmoney.com/4658094480287776,0,"/news,600601,1285558143.html",方正的脸谱,03-13 15:03,267
//i.eastmoney.com/4472406775478468,0,"/news,600601,1285554254.html",庄稼就是个250,03-13 14:58,194
//i.eastmoney.com/1775355548776132,2,"/news,600601,1285543036.html",方正就是,03-13 14:52,194
//i.eastmoney.com/4472406775478468,2,"/news,600601,1285395891.html",天天做T，辛苦啊,03-13 14:26,281
//i.eastmoney.com/2840094265014676,41,"/news,600601,1278825679.html",开盘即卖，跌几分再捡回来，过完年到今天成功率都很高，1.30日后自己去数数阴线,03-13 14:26,1430
//i.eastmoney.com/7697335681039166,3,"/news,600601,1285374985.html",渣渣方没有资金关照[大笑]，况且黑仔曾还在（看看当时的大连重工，有黑仔曾涨不了，,03-13 14:25,428
//i.eastmoney.com/6196336296853922,0,"/news,600601,1285516430.html",及早清仓,03-13 14:19,210
//i.eastmoney.com/8071555177962252,3,"/news,600601,1285496667.html",2337又来了,03-13 14:19,250
//i.eastmoney.com/9975346208154316,0,"/news,600601,1285492318.html",渣科，你赶快来几个连续跌停得了，天天要死不活的。害死人了。,03-13 13:52,196
//i.eastmoney.com/9830306145731790,0,"/news,600601,1285491793.html",鬼吹灯，明明退市的股，还在这里瞎吹！,03-13 13:52,200
//i.eastmoney.com/9830306145731790,0,"/news,600601,1285489901.html",鬼吹灯,03-13 13:50,232
//i.eastmoney.com/1320094250086056,2,//caifuhao.eastmoney.com/news/20230313113926331779260?from=guba&name=KlNU5pa556eR5ZCn&gubaurl=aHR0cDovL2d1YmEuZWFzdG1vbmV5LmNvbS9saXN0LDYwMDYwMV8yLmh0bWw%3d,华发挣点气吧,03-13 13:10,218
//i.eastmoney.com/6196336296853922,0,"/news,600601,1285427251.html",逐步下行，、清仓。,03-13 11:38,257
//i.eastmoney.com/8735094310783252,4,"/news,600601,1284431650.html",去追高爱迪尔了！半死不活的渣科！,03-13 11:13,379
//i.eastmoney.com/7540094291845940,0,"/news,600601,1285381731.html",方科今天退市第四次公告风险提示所以股价今天要变态恶心一下广大韭菜,03-13 10:45,290
//i.eastmoney.com/7074345913241214,1,"/news,600601,1285259146.html",惊蛰后，牛鬼蛇神都苏醒了。,03-13 10:43,280
//i.eastmoney.com/2585055459654070,0,"/news,600601,1285366841.html",硅谷破产了方正伪科技雪上加霜。,03-13 10:32,220
//i.eastmoney.com/2585055459654070,2,"/news,600601,1285182003.html",方正伪科技，归古魄禅了怕了吧？,03-13 08:57,412
//i.eastmoney.com/2000095063026960,0,"/news,600601,1285201688.html",一次心电图25,03-12 17:26,243
//i.eastmoney.com/2790055107189706,5,"/news,600601,1285029547.html",确切的说，摘帽后怼到3以上毫无悬念。,03-12 14:46,1051
//i.eastmoney.com/2790055107189706,4,"/news,600601,1284592040.html",长线可期，今年最高估计能到3.5有可能,03-12 11:54,584
//i.eastmoney.com/2840094265014676,20,"/news,600601,1283604385.html",昨天涨一分和今天涨一分，结果是一样，但人的心态会不一样，炒股禁忌，手中有股心中无,03-12 08:52,1057
//i.eastmoney.com/8290094201203034,0,"/news,600601,1285153616.html",退市吧，我在整理板等你,03-11 22:01,460
//i.eastmoney.com/2585055459654070,1,"/news,600601,1285130390.html",春天来了，绿色笼罩大地，又到了鸡飞狗跳的季节。,03-11 18:25,366
//i.eastmoney.com/7180345846389358,8,"/news,600601,1283799328.html",小方为什么不填权？因为是转赠股流通股就上市，没有转赠股上市管理办法。转赠除权就流,03-11 17:23,980
//i.eastmoney.com/9712094130929388,3,"/news,600601,1284984161.html",貌似大股东又在增持。,03-11 15:16,629
//i.eastmoney.com/7950486628229784,2,"/news,600601,1285026621.html",我的瑞德被关小黑屋，但是小科科也算企稳了，反正总比外面好。今天进了新海突然有点后,03-11 11:40,551
//i.eastmoney.com/4279326317858650,6,"/news,600601,1281824550.html",ST安控，盘子小，股价低，年报之后摘星摘帽，上涨空间巨大，现在不来，更待何时？,03-11 08:24,576
//i.eastmoney.com/6391346183139376,1,"/news,600601,1284600385.html",今天3月9号了，一季度快结束了。1.今年股市有大行情（100%），现在指数必须向,03-10 17:14,695
//i.eastmoney.com/4938326509435614,3,"/news,600601,1284978756.html",2.55有什么魔力，连续两周控制在这个价格[为什么],03-10 16:37,426
//i.eastmoney.com/8756335904994706,0,"/news,600601,1284977298.html",预计距离申请摘帽只剩34个交易日！坚定持有！,03-10 15:07,272
//i.eastmoney.com/2840094265014676,12,"/news,600601,1284722430.html",本牛慌了，赶紧挂237手跑---------/--/////---------/,03-10 14:26,689
//i.eastmoney.com/7910054762892834,20,"/news,600601,1282583801.html",今天正式入住st方科，目标价12，少一分卖了算我输，建仓50万,03-10 14:21,1631
//i.eastmoney.com/2552093930050492,0,"/news,600601,1284917710.html",还真是强制储蓄，又增仓了几千股。这个能省钱[呲牙],03-10 14:01,285
,评论,,,最后更新,阅读
//i.eastmoney.com/9508356225190574,1,"/news,600601,1284824192.html",看图片感觉比较适合方科股民呢！[大笑][大笑][大笑],03-10 11:21,489
//i.eastmoney.com/4472406775478468,0,"/news,600601,1284759362.html",还是这里稳当,03-10 10:18,226
//i.eastmoney.com/2585055459654070,3,"/news,600601,1284602850.html",荷兰治裁了方正伪科技明天跌停。,03-09 23:26,568
//i.eastmoney.com/5014316518871120,1,"/news,600601,1283772432.html",坚定买！,03-09 20:29,264
//i.eastmoney.com/4513013643132800,1,"/news,600601,1284575434.html",听说下周一美国加息，不知是否真的？,03-09 20:09,278
//i.eastmoney.com/8756335904994706,6,"/news,600601,1284519394.html",预计距离申请摘帽只剩35个交易日！坚定持有！,03-09 17:39,707
//i.eastmoney.com/2585055459654070,2,"/news,600601,1284465514.html",方正伪科技黄金坑,03-09 16:52,362
//i.eastmoney.com/8864365592878620,0,"/news,600601,1284529133.html",怒涨两分，竟然是红的，已经很不错了[偷笑][偷笑][偷笑],03-09 15:37,344
//i.eastmoney.com/3572365856589180,5,"/news,600601,1283775881.html",这个股吧有几只专门在喊的垃圾天天唱，注意，这么能耐去别的地方唱啊，不安好心,03-09 15:22,357
//i.eastmoney.com/7540094291845940,1,"/news,600601,1284514154.html",容大感光PCB两天长了40CM，伪科技方科，一年涨不了几CM，我看这猪力是吃祥大,03-09 15:19,320
//i.eastmoney.com/4331565168064806,1,"/news,600601,1283714777.html",国家重整科技部，小方不出一份力量吗？,03-09 14:52,397
//i.eastmoney.com/7540094291845940,1,"/news,600601,1284375556.html",2737就是个SX,03-09 14:51,246
//i.eastmoney.com/7540094291845940,0,"/news,600601,1284502954.html",14.48分2737这个SX又出来了,03-09 14:49,234
//i.eastmoney.com/2840094265014676,5,"/news,600601,1284055981.html",今天机构有妖气，早盘开盘4581手，二点零五又吐4635手,03-09 14:46,611
//i.eastmoney.com/8438094230131538,0,"/news,600601,1284487490.html",横盘太长时间了，还不如紫光股份,03-09 14:33,213
//i.eastmoney.com/7540094291845940,0,"/news,600601,1284480362.html",猪力啊，二点半啦不要睡了起来活动下,03-09 14:25,180
//i.eastmoney.com/5932094457571746,0,"/news,600601,1284477183.html",横久必跌，耐心己去！,03-09 14:21,211
//i.eastmoney.com/3966336155313768,0,"/news,600601,1284467102.html",门可罗雀,03-09 14:10,197
//i.eastmoney.com/4494094410844268,2,"/news,600601,1284370078.html",2737又来了[怒],03-09 13:41,312
//i.eastmoney.com/2840094265014676,16,"/news,600601,1283096862.html",现在属于高潮前的活塞模式......,03-09 13:07,1023
//i.eastmoney.com/2800094364515470,2,"/news,600601,1284277172.html",明天的出公告哦,03-09 11:42,344
//i.eastmoney.com/7540094291845940,3,"/news,600601,1284352835.html",那个SX二块6，二块五角九不卖，到二块五角七卖大单的？,03-09 11:16,292
//i.eastmoney.com/4983376298552060,0,"/news,600601,1284315480.html",2.60,03-09 10:21,217
//i.eastmoney.com/5967094089479698,0,"/news,600601,1284307691.html",600601波动小潜力大,03-09 10:15,260
//i.eastmoney.com/8988385908501516,0,"/news,600601,1284293442.html",启风了，座等猪被吹上天，拿稳了。,03-09 10:04,231
//i.eastmoney.com/8071555177962252,1,"/news,600601,1284185976.html",建议股票交易市场化，国际化，取消涨停板制度，实行t+0。,03-09 09:59,403
//i.eastmoney.com/4472406775478468,0,"/news,600601,1284271782.html",要涨停啊,03-09 09:50,195
"/list,600601.html",0,"/news,600601,1284269606.html",*ST方科3月9日快速上涨,03-09 09:48,321
//i.eastmoney.com/2585055459654070,0,"/news,600601,1284267936.html",方正伪科投用套套了，白玩,03-09 09:48,208
//i.eastmoney.com/8071555177962252,0,"/news,600601,1284186827.html",股票交易应该走市场化，国际化道路，取消涨停板制度实行t+0。,03-09 09:46,296
//i.eastmoney.com/7910054762892834,13,"/news,600601,1283284569.html",今天又加了50万，坐等摘星摘帽，摘帽要求不高，先上五块，这个要求不高吧，主力你大,03-08 21:32,1364
//i.eastmoney.com/2585055459654070,3,"/news,600601,1284156479.html",年报前方正伪科技改名焕新艺技至少五个板。,03-08 20:17,494
//i.eastmoney.com/4708345844075860,0,"/news,600601,1284154351.html",4月1日改名为＂方天话技＂，至少2个板！,03-08 19:38,289
//i.eastmoney.com/4285094571843400,4,"/news,600601,1284113839.html",即将改名中国科技，以方正科技为基础组建中国科技集团简称“中国科技”,03-08 18:53,711
//i.eastmoney.com/7120306522712642,1,"/news,600601,1283276259.html",没有利好，应该在2.4-2.65之间走来走去,03-08 18:48,346
//i.eastmoney.com/7226366380616750,2,"/news,600601,1283277290.html",明天收盘2.58,03-08 18:40,375
//i.eastmoney.com/5937426782462654,2,"/news,600601,1283974555.html",庄家不搬操作思路，早晚要给自个玩si。干熬小散，人性这一关都过不了，高举高打，方,03-08 18:28,467
//i.eastmoney.com/6796395983549636,1,"/news,600601,1283302609.html",净值产太低了，这么多年掏空了。,03-08 18:28,496
//i.eastmoney.com/8438094230131538,1,"/news,600601,1283544046.html",先闪人了，2.60挂个500手,03-08 16:44,294
//i.eastmoney.com/7697335681039166,10,"/news,600601,1284019018.html",历害了，ST指数都跟不上，看又能将猪如何吹上天[想一下],03-08 16:11,404
//i.eastmoney.com/2775416672337544,0,"/news,600601,1284112598.html",能不能跌下来，我还没满。还想给主力送钱,03-08 16:01,329
//i.eastmoney.com/7910054762892834,13,"/news,600601,1283430780.html",继续加仓，打满100万，坐等12块，哪个大哥数学好，帮我算算能挣多少钱,03-08 16:00,996
//i.eastmoney.com/3530426681248690,0,"/news,600601,1284107244.html",看到257和258的4444挂单了吧，这票要4了,03-08 15:39,316
//i.eastmoney.com/8071555177962252,3,"/news,600601,1284067006.html",2737手不停的挂卖单，又不停的撤掉，为什么。,03-08 14:56,410
//i.eastmoney.com/8735094310783252,0,"/news,600601,1284052568.html",究竟是资金眼瘸还是小伞眼瘸！,03-08 14:50,256
//i.eastmoney.com/3095094133596482,1,"/news,600601,1283898757.html",这货不是PCB吗？,03-08 14:43,374
//i.eastmoney.com/4472406775478468,1,"/news,600601,1284056100.html",比耐心有的事,03-08 14:43,230
//i.eastmoney.com/2796015355544518,2,"/news,600601,1284051057.html",拿了三个多月还亏10几个点倒霉,03-08 14:19,227
//i.eastmoney.com/2815386129317870,0,"/news,600601,1284058743.html",板块涨幅和这个小家伙擦肩而过[呲牙],03-08 14:19,258
//i.eastmoney.com/4967336390105040,1,"/news,600601,1284019772.html",各位大佬：看看002504ST弘高002502鼎龙文化000150ST宜康300,03-08 13:34,307
//i.eastmoney.com/4341376451763658,2,"/news,600601,1283969121.html",2.55的同志，你们想卖也不差这一分钱，2.54直接卖得了,03-08 11:35,284
//i.eastmoney.com/2089305785395730,1,"/news,600601,1283904051.html",有升有跌才健康，2快钱涨到2块5己经百分之二十五了,03-08 11:20,290
//i.eastmoney.com/7050094273614494,0,"/news,600601,1283945980.html",大哥咱是不是也有6GPCB方面的储备？自信点你有,03-08 10:59,292
//i.eastmoney.com/1192316570083876,0,"/news,600601,1283940925.html",666,03-08 10:54,196
//i.eastmoney.com/2585055459654070,0,"/news,600601,1283920340.html",科技普涨你不涨伪科方正路苍盲,03-08 10:34,221
//i.eastmoney.com/8438094230131538,14,"/news,600601,1282473437.html",3360手，2.50终于卖了，一身轻松,03-08 10:32,749
//i.eastmoney.com/7131325937672586,0,"/news,600601,1283901450.html",板块全张，你绿的，握草,03-08 10:16,234
//i.eastmoney.com/9680306031741422,1,//caifuhao.eastmoney.com/news/20230227144404089973280?from=guba&name=KlNU5pa556eR5ZCn&gubaurl=aHR0cDovL2d1YmEuZWFzdG1vbmV5LmNvbS9saXN0LDYwMDYwMV8zLmh0bWw%3d,1月31日晚间*ST日海财务调整完成 摘帽预期明显 智能通信龙头或可涅槃重生,03-08 10:07,269
//i.eastmoney.com/2840094265014676,34,"/news,600601,1282021583.html",竟猜：今天绿是为了明天红,03-08 09:59,869
//i.eastmoney.com/5990375820300808,0,"/news,600601,1283809973.html",预计，大盘再砸一百点，小方万山上一毛钱。吧友们怎么看呢,03-08 08:14,345
//i.eastmoney.com/5990375820300808,0,"/news,600601,1283809569.html",大盘不好时，又是sT表时。今明后三天，择日上车，买价提高到2.50～2.54,03-08 08:11,286
//i.eastmoney.com/4285094571843400,4,"/news,600601,1282001843.html",砸盘为什么,03-08 07:31,452
//i.eastmoney.com/7697335681039166,0,"/news,600601,1283788869.html",吹水头头系道，股神般个分析，回头一看众系个昂9价格“”[捂脸],03-08 00:04,390
//i.eastmoney.com/4331565168064806,4,"/news,600601,1281800764.html",是否还有板，庄稼说了算，我一股没卖，盼明日低开。,03-07 22:56,668
//i.eastmoney.com/2585055459654070,0,"/news,600601,1283764589.html",方正伪科技这垃圾货，10转9了还这么不要脸。,03-07 21:29,179
//i.eastmoney.com/7226366380616750,1,"/news,600601,1283754731.html",明天收盘2.58,03-07 21:20,181
//i.eastmoney.com/3593615202524792,0,"/news,600601,1283760489.html",看看瑞德，你这个垃圾，持仓几个月，来回在地板摩擦。,03-07 21:10,213
//i.eastmoney.com/3378114791970506,0,"/news,600601,1283749181.html",赶紧跑吧，缺口以下在买回来,03-07 20:15,273
//i.eastmoney.com/3653094230216080,24,//caifuhao.eastmoney.com/news/20230228201202639341100?from=guba&name=KlNU5pa556eR5ZCn&gubaurl=aHR0cDovL2d1YmEuZWFzdG1vbmV5LmNvbS9saXN0LDYwMDYwMV8zLmh0bWw%3d,公告解读一、公告明确通过重整，珠海国资委成为控股股东。二、29.9%的股权于昨天,03-07 18:47,4411
//i.eastmoney.com/2188416753514882,3,"/news,600601,1283638014.html",增股,03-07 16:53,351
//i.eastmoney.com/4938326509435614,0,"/news,600601,1283668615.html",这个砸盘太恶意满满了，明摆着想让人情绪失控,03-07 15:01,367
//i.eastmoney.com/2552093930050492,0,"/news,600601,1283647310.html",纯属受大盘拖累，庄家顺势洗下盘,03-07 14:42,277
//i.eastmoney.com/4331565168064806,0,"/news,600601,1283645549.html",今天继续涨一分！,03-07 14:40,204
//i.eastmoney.com/8438094230131538,0,"/news,600601,1283623690.html",赶快跑吧,03-07 14:20,176
//i.eastmoney.com/7327355997342954,0,"/news,600601,1283611399.html",上吊线来了，大家快跑，让我来替你们站好最后一岗,03-07 14:16,272
//i.eastmoney.com/2585055459654070,0,"/news,600601,1283575281.html",注厕痔是方正伪科技的恶梦,03-07 13:51,220
//i.eastmoney.com/5990375820300808,5,"/news,600601,1282365651.html",延中一世英名，毁于方科！方科崩溃在即，成于珠资。前天一个小涨停，引回看多代表鞍托,03-07 13:48,1464
//i.eastmoney.com/9712094130929388,0,"/news,600601,1283562032.html",转发,03-07 13:14,193
//i.eastmoney.com/3170113516394962,0,"/news,600601,1283546908.html",今天跟随st板块上冲，抛压不大都无法触板，看来是太弱了，先走为敬,03-07 12:49,242
//i.eastmoney.com/6664045343847958,0,"/news,600601,1283541619.html",挂2.6闪人，每天拉中字头，一旦撑不住就惨了，祝各位好运,03-07 12:22,249
,评论,,,最后更新,阅读
//i.eastmoney.com/3378114791970506,4,"/news,600601,1283515012.html",下午跌停，兄弟们先卖了，下午跌停买回来,03-07 12:22,496
//i.eastmoney.com/8438094230131538,3,"/news,600601,1283424560.html",终于把缺口补掉了,03-07 10:35,369
//i.eastmoney.com/3953625203050770,0,"/news,600601,1283430034.html",拉高出货，做T的机会来了,03-07 10:07,265
//i.eastmoney.com/8864365592878620,0,"/news,600601,1283408204.html",不错不错，方科走强了[偷笑][偷笑][偷笑],03-07 09:53,231
//i.eastmoney.com/9538095111427254,0,"/news,600601,1283401974.html",涨停涨停！！,03-07 09:49,200
//i.eastmoney.com/7347064611654316,2,"/news,600601,1283359911.html",好久没来了，四大金刚依然这么活跃,03-07 09:40,336
//i.eastmoney.com/4472406775478468,0,"/news,600601,1283382923.html",跌不动就赶紧拉吧,03-07 09:37,280
//i.eastmoney.com/6890396341776294,7,"/news,600601,1283125552.html",目前看来还是在箱体内运行，原则不变，不排除深探底。想发财的目前不建议碰，因为向下,03-07 00:00,531
//i.eastmoney.com/7540094291845940,22,"/news,600601,1281302248.html",周一涨5分，是为了余下的四天每天跌1分吗？,03-06 21:35,573
//i.eastmoney.com/3111513711058356,2,"/news,600601,1283134864.html",计算机行业，珠海国资委往里装资产,03-06 20:53,446
//i.eastmoney.com/2585055459654070,2,"/news,600601,1283276003.html",国企改革重整的方正伪科技，被整成这个鸟样，真是无语。,03-06 20:08,372
//i.eastmoney.com/6664045343847958,1,"/news,600601,1283263638.html",方科，易购，康美，都是不上不下，急死我了,03-06 18:38,328
//i.eastmoney.com/8756335904994706,6,"/news,600601,1283148533.html",今年摘帽股不多，因为稀缺，方显尊贵！虽然方科盘子大了点，但是只要能摘帽就一定会大,03-06 16:02,645
//i.eastmoney.com/8864365592878620,3,"/news,600601,1283234901.html",怒涨一分[滴汗][滴汗][滴汗]年报太晚，慢慢熬了！！！食材细火慢炖才能出美味[,03-06 15:38,404
//i.eastmoney.com/7226366380616750,0,"/news,600601,1283236098.html",要求不高，每天一分,03-06 15:10,264
//i.eastmoney.com/4472406775478468,0,"/news,600601,1283156423.html",看来只能比耐性了,03-06 13:30,283
//i.eastmoney.com/4472406775478468,1,"/news,600601,1283147077.html",半导体启动了,03-06 13:21,244
//i.eastmoney.com/3773014025798066,1,"/news,600601,1283138691.html",等退市前一天，买一千股做个纪念。当年5.19行情，15成本一千股，30出的。,03-06 13:21,330
//i.eastmoney.com/3111513711058356,0,"/news,600601,1283133832.html",国资控股珠海国资，牛,03-06 13:01,245
//i.eastmoney.com/9722366262319916,0,"/news,600601,1283114560.html",此股可有涨呼，亦可跌呼。有叼大的来说一说。亦可乃大的来品一品。,03-06 11:51,266
//i.eastmoney.com/3378114791970506,6,"/news,600601,1282434959.html",这是什么科技来的？伪科技。这是什么集成电路来的？伪pcb，哈哈哈哈哈哈,03-06 11:22,448
//i.eastmoney.com/2585055459654070,1,"/news,600601,1282963187.html",方正伪科技这垃圾只卖不买，落袋为安、卖出不瘫。,03-06 11:20,282
//i.eastmoney.com/4472406775478468,0,"/news,600601,1283059614.html",这波能上3块吗,03-06 10:41,216
//i.eastmoney.com/9538095111427254,1,"/news,600601,1283030953.html",顶住！！,03-06 10:40,222
//i.eastmoney.com/5710456770476772,0,"/news,600601,1283017554.html",这是要跟主力一直这么耗着呀！就持仓不放[捂脸],03-06 10:07,247
//i.eastmoney.com/4472406775478468,0,"/news,600601,1283008498.html",大盘跌，这家伙该表现了,03-06 10:01,203
//i.eastmoney.com/5990375820300808,0,"/news,600601,1282949334.html",只买不卖,03-06 09:28,257
//i.eastmoney.com/6331545224948336,0,"/news,600601,1282945106.html",只卖不买,03-06 09:25,202
//i.eastmoney.com/4823325817616874,8,"/news,600601,1282780462.html",有没有人知道方正电子是不是ST方科的子公司？求告知[发财],03-06 08:06,1490
//i.eastmoney.com/2787496690269144,8,//caifuhao.eastmoney.com/news/20230301070606283521300?from=guba&name=KlNU5pa556eR5ZCn&gubaurl=aHR0cDovL2d1YmEuZWFzdG1vbmV5LmNvbS9saXN0LDYwMDYwMV80Lmh0bWw%3d,为了防止大家意，特别提醒大家一下，摘帽不可能，只能摘星，因为净利润为负，是个不,03-06 00:59,2618
//i.eastmoney.com/3818346513894142,3,"/news,600601,1282879524.html",下周上三元,03-05 23:23,577
//i.eastmoney.com/1733305901552060,6,"/news,600601,1282269966.html",好多重整股都有重整收益。为啥方科没有重整收益，还亏那么多。宽带已经剥离为啥亏损还,03-05 21:28,1049
//i.eastmoney.com/2790055107189706,8,"/news,600601,1282744170.html",三年翻倍应该可以的吧,03-05 20:54,771
//i.eastmoney.com/6963356365943588,2,"/news,600601,1282697219.html",净资产0.33，还买？要退市了吧？,03-05 13:02,471
//i.eastmoney.com/4859436643547066,0,"/news,600601,1282854739.html",荣耀归来！,03-05 09:42,349
//i.eastmoney.com/1429346112824742,1,"/news,600601,1282722463.html",方科方科,03-05 09:18,333
//i.eastmoney.com/7226366380616750,2,"/news,600601,1282291739.html",近30年来历史最低价2.00，目前本人2.5溢价20%打算买入持股2年,03-05 08:45,549
//i.eastmoney.com/2790055107189706,7,"/news,600601,1280909252.html",不贪，卖出50万股。回调再进,03-05 08:00,453
"/list,600601.html",5,"/news,600601,1281474942.html",*ST方科：重整计划股权划转完成 焕新方科将为公司控股股东 珠海国资委将为实控人,03-04 21:30,7764
//i.eastmoney.com/3719024694073634,0,"/news,600601,1282826889.html",更名二五零更好,03-04 17:52,297
//i.eastmoney.com/7226366380616750,5,"/news,600601,1282321364.html",明日2.49支撑，2.53阻力,03-04 15:26,487
//i.eastmoney.com/2840094265014676,6,"/news,600601,1282682816.html",5天就奔小康了，这票子来的太容易了[大笑],03-04 14:31,604
//i.eastmoney.com/3884094521690346,4,"/news,600601,1281473656.html",这里的黎明静悄悄~！老鸭头~~~~~~~~~我滴老鸭头！！快扶老夫起来。,03-04 12:58,643
//i.eastmoney.com/8689476777549892,1,"/news,600601,1282294038.html",卖出的两个公司的债务已打包出售，但35%的现金与65%的股票如何处理？,03-04 12:53,458
//i.eastmoney.com/5985013686312998,11,"/news,600601,1280824424.html",和狗托反向操作，你就赢了,03-04 12:02,586
//i.eastmoney.com/2707326402568644,2,"/news,600601,1282748199.html",问：方科上方压力位多少？答：目测5.35,03-04 11:28,654
//i.eastmoney.com/2238355518476432,10,"/news,600601,1282729283.html",股吧里好多牛鬼蛇神,03-04 11:19,542
//i.eastmoney.com/8888316143218672,9,"/news,600601,1282014454.html",看看，，，你们那没出息的样子，瑟瑟发抖了吧....,03-04 10:32,664
//i.eastmoney.com/8864365592878620,4,"/news,600601,1282721396.html",2.5卖出2.52再买进，成本提高两分，以后不操作了直到它的年报时间[加油][加,03-04 10:31,531
//i.eastmoney.com/7226366380616750,5,"/news,600601,1282527684.html",泽熙出手,03-04 10:29,475
//i.eastmoney.com/5391276644132392,6,"/news,600601,1282689191.html",这个股是不是一天翻倍了？电脑能看到，手机怎么看不到？,03-03 19:51,538
//i.eastmoney.com/6196336296853922,1,"/news,600601,1281916312.html",不要抱幻想，今天涨不了多少,03-03 19:17,451
//i.eastmoney.com/6125396298753880,3,"/news,600601,1282699740.html",各位大佬，这股年报后会退市不,03-03 19:15,609
//i.eastmoney.com/2585055459654070,2,"/news,600601,1282725480.html",方正伪科技后世可期。,03-03 19:02,338
//i.eastmoney.com/1170094482498750,6,//caifuhao.eastmoney.com/news/20230303091108679511210?from=guba&name=KlNU5pa556eR5ZCn&gubaurl=aHR0cDovL2d1YmEuZWFzdG1vbmV5LmNvbS9saXN0LDYwMDYwMV80Lmh0bWw%3d,高层2日在北京调研集成电路企业发展并主持召开座谈会。发展集成电路产业必须发挥新型,03-03 18:55,1456
//i.eastmoney.com/4472406775478468,30,"/news,600601,1282216366.html",今天250收盘,03-03 16:30,655
//i.eastmoney.com/7291326094300230,0,"/news,600601,1282687560.html",9几年方正多牛逼的，为啥现在不如收废品的？？,03-03 15:17,278
//i.eastmoney.com/7226366380616750,0,"/news,600601,1282685737.html",下周一2.56-2.59继续整理,03-03 15:12,263
//i.eastmoney.com/4472406775478468,2,"/news,600601,1282670323.html",2.5以下不会再有机会了,03-03 15:09,388
//i.eastmoney.com/2585055459654070,0,"/news,600601,1282669956.html",方正伪科技这垃圾，买入不急、卖出不瘫，落袋为安。,03-03 14:50,247
//i.eastmoney.com/4472406775478468,1,"/news,600601,1282572414.html",敌动我不动,03-03 14:46,241
//i.eastmoney.com/5710456770476772,0,"/news,600601,1282653537.html",此时不跑，更待何时？[发呆],03-03 14:32,245
//i.eastmoney.com/7074345913241214,0,"/news,600601,1282634359.html",黄牛黑暖子，敝着一条筋,03-03 14:10,249
//i.eastmoney.com/2790055107189706,0,"/news,600601,1282625629.html",至少要盘整四天左右，在选择上,03-03 14:01,263
//i.eastmoney.com/7536186099912688,1,"/news,600601,1282619964.html",又开始压了,03-03 13:59,244
//i.eastmoney.com/6414426663305634,2,"/news,600601,1282595859.html",晚上出利好注意查看！,03-03 13:46,402
//i.eastmoney.com/7536186099912688,1,"/news,600601,1282599176.html",能涨停吗？,03-03 13:42,255
//i.eastmoney.com/4472406775478468,0,"/news,600601,1282593954.html",这股要搞事了,03-03 13:23,188
//i.eastmoney.com/2790055107189706,0,"/news,600601,1282589499.html",昨天卖今天买。20万古,03-03 13:18,209
//i.eastmoney.com/8988385908501516,2,"/news,600601,1282569425.html",各位，看来煮力有开始动作了，望各位取得利润最大化。（T、或波段）。,03-03 12:53,336
//i.eastmoney.com/4472406775478468,1,"/news,600601,1282548981.html",今天估计涨停,03-03 12:37,220
//i.eastmoney.com/2585055459654070,0,"/news,600601,1282563627.html",方正伪科技牛逼,03-03 12:12,193
//i.eastmoney.com/3378114791970506,5,"/news,600601,1282529895.html",$*ST方科(SH600601)$,03-03 12:07,364
//i.eastmoney.com/4472406775478468,0,"/news,600601,1282556209.html",圆弧底画的挺圆的跑啥啊,03-03 11:42,262
//i.eastmoney.com/7026084682339918,2,"/news,600601,1282510825.html",磨到何时是个头,03-03 11:41,250
//i.eastmoney.com/5710456770476772,0,"/news,600601,1282551636.html",下午砸盘，暴跌或阴跌，估计又是一片骂声！卖出的落袋为安[捂脸],03-03 11:31,257
//i.eastmoney.com/4472406775478468,0,"/news,600601,1282542963.html",今天看来是被砸盘的兄弟给砸醒了,03-03 11:20,180
//i.eastmoney.com/7226366380616750,0,"/news,600601,1282537785.html",56卖的54买不回，急死做T的,03-03 11:14,233
//i.eastmoney.com/5710456770476772,0,"/news,600601,1282535490.html",又开始在诱多了！有些大神又要开始幻想要起飞了，先跑为敬各位[笑哭],03-03 11:11,234
//i.eastmoney.com/7050094273614494,0,"/news,600601,1282526470.html",几个意思？涨还涨的这么慢？要坑人还是干嘛,03-03 11:02,233
